{
    "simulation_name": "0217/Lev4",
    "alternative_names": [
        "BFI:RerunAlignedCatalog:0217",
        "SXS:BBH:2091"
    ],
    "keywords": [],
    "point_of_contact_email": "nils.fischer@aei.mpg.de",
    "authors_emails": [],
    "initial_data_type": "BBH_SKS",
    "initial_separation": 16.5993563084,
    "initial_orbital_frequency": 0.013472907726,
    "initial_adot": -1.4268296757e-06,
    "object1": "bh",
    "object2": "bh",
    "initial_ADM_energy": 0.9932579813455198,
    "initial_ADM_linear_momentum": [
        -3.785335e-10,
        3.11547147e-08,
        1.7246e-12
    ],
    "initial_ADM_angular_momentum": [
        -1.10616e-11,
        3.3314e-12,
        1.1465274095008895
    ],
    "initial_mass1": 0.5000000032359,
    "initial_mass2": 0.500000001954823,
    "initial_dimensionless_spin1": [
        -3.25e-14,
        2.5e-15,
        -0.5999999966991106
    ],
    "initial_dimensionless_spin2": [
        6.13e-14,
        9.9e-15,
        0.6000000025070421
    ],
    "initial_position1": [
        8.332085133191029,
        0.001062248284486,
        2.038991e-10
    ],
    "initial_position2": [
        -8.267271175208972,
        0.001062248284486,
        2.038991e-10
    ],
    "relaxation_time": 640.0,
    "reference_time": 640.0,
    "reference_mass1": 0.500015651969,
    "reference_mass2": 0.500013427816,
    "reference_dimensionless_spin1": [
        -1.04849638007e-08,
        -3.92774840544e-09,
        -0.59991105657
    ],
    "reference_dimensionless_spin2": [
        1.0330653222e-08,
        2.54074451181e-09,
        0.599991817414
    ],
    "reference_position1": [
        -7.45678281415,
        3.97293186423,
        -2.48422270089e-07
    ],
    "reference_position2": [
        7.42055899392,
        -3.9192837466,
        -2.52780238014e-07
    ],
    "reference_orbital_frequency": [
        2.64791213959e-12,
        -2.84641882771e-12,
        0.0141943323465
    ],
    "reference_eccentricity": 4.46e-05,
    "reference_mean_anomaly": 3.750671,
    "common_horizon_time": 6792.62200004,
    "number_of_orbits": 22.6202921999,
    "remnant_mass": 0.951357381707,
    "remnant_dimensionless_spin": [
        2.93982547545e-11,
        -3.55270744988e-10,
        0.685164922524
    ],
    "remnant_velocity": [
        -0.000869542596415,
        -0.000310859640675,
        1.0399223374e-09
    ],
    "metadata_version": 1,
    "spec_revisions": "InitialCommit-30836-gf3a46ee",
    "spells_revision": "f3a46eeb4445f3fafcae9438518ab49d75d2b4df",
    "date_postprocessing": "2019-04-17T10:49:45-07:00",
    "date_run_earliest": "2018-11-27T17:50:03",
    "date_run_latest": "2018-12-06T23:57:38",
    "date_link_earliest": "2018-11-21T10:35:42+01:00",
    "citation_dois": [
        "10.1088/1361-6382/ab34e2"
    ]
}