{
    "simulation_name": "bbh_q1_antialigned_chi0_6/Lev5",
    "alternative_names": [],
    "keywords": [],
    "point_of_contact_email": "kmitman@caltech.edu",
    "authors_emails": [],
    "simulation_bibtex_keys": "SXSCatalog",
    "code_bibtex_keys": [
        "Ossokine:2013zga",
        "Hemberger:2012jz",
        "Szilagyi:2009qz",
        "Boyle:2009vi",
        "Scheel:2008rj",
        "Boyle:2007ft",
        "Scheel:2006gg",
        "Lindblom:2005qh",
        "Pfeiffer:2002wt",
        "SpECwebsite"
    ],
    "initial_data_bibtex_keys": [
        "Buchman:2012dw",
        "Lovelace:2008tw",
        "Pfeiffer:2007yz",
        "Caudill:2006hw",
        "Cook:2004kt"
    ],
    "quasicircular_bibtex_keys": [
        "Mroue:2012kv",
        "Buonanno:2010yk",
        "Mroue:2010re",
        "Boyle:2007ft"
    ],
    "initial_data_type": "BBH_SHK",
    "initial_separation": 15.4084472656,
    "initial_orbital_frequency": 0.015077031813,
    "initial_adot": -3.6199551308e-05,
    "object1": "bh",
    "object2": "bh",
    "initial_ADM_energy": 0.9928131482433145,
    "initial_ADM_linear_momentum": [
        2.9882645e-09,
        -1.40262419e-08,
        3.1682e-12
    ],
    "initial_ADM_angular_momentum": [
        -1.0994e-11,
        3.1829e-12,
        1.1162060922678507
    ],
    "initial_mass1": 0.5000000528731635,
    "initial_mass2": 0.5000000609141877,
    "initial_dimensionless_spin1": [
        -5.085e-13,
        6.091e-13,
        0.6000000255181804
    ],
    "initial_dimensionless_spin2": [
        4.392e-13,
        -1.065e-13,
        -0.6000000574740575
    ],
    "initial_position1": [
        7.6718082235769485,
        -0.0001174405688612,
        -1.12113667e-08
    ],
    "initial_position2": [
        -7.736639042023051,
        -0.0001174405688612,
        -1.12113667e-08
    ],
    "relaxation_time": 242.5,
    "reference_time": 242.5,
    "reference_mass1": 0.500004628427,
    "reference_mass2": 0.500005317366,
    "reference_dimensionless_spin1": [
        2.60782939589e-10,
        -6.55697402192e-10,
        0.599973617779
    ],
    "reference_dimensionless_spin2": [
        1.14159436732e-09,
        -1.42653034266e-09,
        -0.599970876278
    ],
    "reference_position1": [
        -6.56321286043,
        -4.4852075138,
        2.76838405432e-08
    ],
    "reference_position2": [
        6.62885444924,
        4.49283874759,
        3.72632005574e-08
    ],
    "reference_orbital_frequency": [
        -3.86851369603e-12,
        -1.07732619007e-11,
        0.0154244685009
    ],
    "reference_eccentricity": "<5.1e-05",
    "reference_mean_anomaly": 5.81534,
    "common_horizon_time": 5109.08554167,
    "number_of_orbits": 18.7695557789,
    "remnant_mass": 0.951341646915,
    "remnant_dimensionless_spin": [
        2.04100665868e-11,
        -8.24133460782e-10,
        0.685153400758
    ],
    "remnant_velocity": [
        0.0002782686487,
        0.000881102811643,
        3.40314569299e-10
    ],
    "metadata_version": 1,
    "spec_revisions": "InitialCommit-31496-gd99b3cea0c",
    "spells_revision": "d99b3cea0c1703ab6ecc06e6cea11247210263d8"
}